,silhouette_score,davies_bouldin_score
0,0.46849631166096345,0.784830794289934
1,0.33073425793530475,0.9222140127612253
2,0.3907064143469829,0.8804203531902282
3,0.39515682370438915,0.8797155811346915
4,0.4011751415546014,0.8474056117373062
5,0.3841475605360937,0.7961007671023655
6,0.3813386361626364,0.8235352999023964
7,0.37827519082243155,0.8765535941611693
8,0.3683874220319211,0.90292833482288
