,silhouette_score,davies_bouldin_score
0,0.4793049017423563,0.7658511809766987
1,0.3766801400675223,0.8982389164357071
2,0.42245261332521894,0.8581742046266766
3,0.42309497779166094,0.8611610185665833
4,0.409528091044574,0.7927626696819537
5,0.40377132272288846,0.8049586590860548
6,0.40572559890744303,0.8160402307456517
7,0.4005794933207805,0.8361334725135694
8,0.3924166799637658,0.8757772059152602
